編號,行政區,廠商名稱〈市招〉,所屬單位,經營主體,市話,分機,行動電話,地址,經度,緯度,備註,
1,士林,407肌力訓練,私立,林華碩有限公司,,,0988299805,臺北市士林區中正路407號1樓,121.5184,25.0937,健身房,
2,士林,Barbell University 槓鈴學院,私立,本部槓鈴有限公司,(02)88666015,,,臺北市士林區福國路100之3號1樓,121.5193,25.1027,健身房,
3,士林,BOSS 健身工作室,私立,伯斯健身工作室,(02)28344000,,,臺北市士林區雨農路19號1樓,121.5296,25.0979,健身房,
4,士林,Coffit 健身咖,私立,鴻泊健身有限公司,(02)28313186,,,臺北市士林區中山北路六段184號1樓,121.5226,25.1076,健身房,
5,士林,Curves 士林店,私立,荷聲健康促進有限公司,(02)28341248,,,臺北市士林區中山北路五段687號2樓之1,121.5246,25.0972,健身房,
6,士林,Curves 天母店,私立,台灣威凌克股份有限公司可爾絲天母一號分公司,(02)28766108,,,臺北市士林區天母西路3號3樓之11,121.5268,25.1185,健身房,
7,士林,Curves 社子延北店,私立,菲妮斯有限公司,(02)28133066,,,臺北市士林區延平北路五段307號2樓,121.5066,25.0862,健身房,
8,士林,Curves 芝山文林店,私立,思伯有限公司,(02)28370020,,,臺北市士林區文林路762號2樓,121.5172,25.1035,健身房,
9,士林,Curves 劍潭店,私立,駱希有限公司 ,(02)28816108,,,臺北市士林區承德路四段191號2樓,121.5196,25.0881,健身房,
10,士林,FIT ZONE BY WORLD GYM 台北天母店,私立,香港商世界健身事業有限公司飛動天母分公司 ,(02)28715333,,,臺北市士林區中山北路七段73號1樓,121.5016,25.0881,健身房,
11,士林,Fun Fitness 運動旅程士林館,私立,瘋旅程有限公司,(02)66173168,,,臺北市士林區中山北路五段519號2樓,121.5252,25.0939,健身房,
12,士林,POWER FIT運動工作室,私立,波爾管理顧問有限公司,(02)28836680,,,臺北市士林區大北路72號1樓,121.5226,25.0901,健身房,
13,士林,PQ FITNESS,私立,春沐錦有限公司,(02)28311138,,,臺北市士林區忠誠路一段60號地下一樓,121.5246,25.1047,健身房,
14,士林,Refine Fitness 純淬健身士林店,私立,伊登健身有限公司,(02)28348058,,,臺北市士林區中正路122號地下1樓,121.5261,25.0960,健身房,
15,士林,sodafit,私立,健美蘇打股份有限公司,,,0987669769,臺北市士林區中山北路五段620號1樓,121.5278,25.0966,健身房,
16,士林,Surmount運動空間士林店,私立,巧翊體適能館,(02)28311891   ,,,臺北市士林區中正路188號2樓,121.5271,25.0957,健身房,
17,士林,Surmount運動空間天母店,私立,華翊體適能館,(02)28311891,,,臺北市士林區忠誠路一段30號1樓,121.5261,25.1044,健身房,
18,士林,SWeet慢走體適能,私立,慢走有限公司,(02)28386603,,,臺北市士林區中山北路六段284號1樓,121.5256,25.1101,健身房,
19,士林,曼時光工作室,私立,曼時光工作室,(02)28815520,,,臺北市士林區文林路205號3樓,121.5269,25.0901,健身房,
21,士林,V LINE FITNESS,私立,薇薺有限公司,(02)66050695,,,臺北市⼠林區中正路187巷2號1樓,121.4961,25.0335,健身房,
22,士林,wellgym,私立,旭昇健康有限公司,(02)28722127,,,臺北市士林區天母東路50巷8號1樓,121.5333,25.1177,健身房,
23,士林,World Gym 健身俱樂部天母店,私立,香港商世界健身事業有限公司天母分公司,(02)28755050,,,臺北市士林區中山北路七段34號,121.5311,25.1199,健身房,
24,士林,World Gym 健身俱樂部台北天母德行店,私立,香港商世界健身事業有限公司天母德行分公司,(02)28358880,,,臺北市士林區德行東路331巷35號,121.5378,25.1117,健身房,
25,士林,士林運動中心,體育局,臺北市士林運動中心,(02)28806066,,,臺北市士林區士商路1號,121.5213,25.0893,健身房,
26,士林,天母國際聯誼會,私立,嘉德開發股份有限公司,(02)28339696,,,臺北市士林區中山北路六段88號,121.5249,25.1049,健身房,
27,士林,動動 MoveMove,私立,動動股份有限公司,(02)28752289,,,臺北市士林區士東路91巷36號1樓,121.5297,25.1134,健身房,
28,士林,楷穎個人健身教室,私立,楷穎運動國際有限公司,,,0939263192,臺北市士林區中山北路七段156之1號1樓,121.5327,25.1238,健身房,
29,士林,Bounce8 運動舞蹈教室,私立,希懿運動舞蹈社,,,0916877119,臺北市士林區天母東路8巷80號1樓,121.5305,25.1150,健身房,
30,士林,A FITNESS 改變健身工作室,私立,傑頡森運動有限公司,(02)28801314,,,臺北市士林區基河路138號1樓,121.5222,25.0891,健身房,
31,大同,Curves 捷運中山店,私立,佳佰曆國際有限公司,(02)25553149,,,臺北市大同區承德路一段771號2樓,121.5177,25.0532,健身房,
32,大同,Curves 圓山花博店,私立,晴天有限公司,(02)25997138,,,臺北市大同區承德路三段223之1號1樓,121.5186,25.0701,健身房,
33,大同,PULSE Gym 台北中山店,私立,嘉和智能科技股份有限公司,(02)25522892,,,臺北市大同區南京西路30號2樓,121.5198,25.0526,健身房,
34,大同,Sky Fitness,私立,動能學堂有限公司,(02)25950953,,,臺北市大同區承德路三段9之1號1樓,121.5186,25.0636,健身房,
35,大同,World Gym 健身俱樂台北寧夏店,私立,香港商世界健身事業有限公司台北寧夏分公司,(02)25550066,,,臺北市大同區寧夏路11號,121.5150,25.0547,健身房,
36,大同,World Gym 健身俱樂部台北民權西店,私立,香港商世界健身事業有限公司台北民權西分公司 ,(02)25992555,,,臺北市大同區民權西路136號1樓,121.5164,25.0627,健身房,
37,大同,大同運動中心,體育局,舞動陽光有限公司大同分公司,(02)25920055,,,臺北市大同區大龍街51號,121.5135,25.0648,健身房,
38,大同,好習慣運動教室 台北京站店,私立,好習慣健康企業有限公司京站分公司,(02)25559007,,,臺北市大同區長安西路152號1樓,121.5165,25.0508,健身房,
39,大同,自由重量,私立,宸光體適能有限公司,(02)25562056,,,臺北市大同區鄭州路119號地下1樓,121.5109,25.0503,健身房,
40,大同,桑富士運動俱樂部,私立,桑富士股份有限公司,(02)25527579,,,臺北市大同區平陽街29號1樓,121.5169,25.0551,健身房,
41,大同,統一健身俱樂部台北京站館,私立,統一佳佳股份有限公司京站分公司,(02)25588148,,,臺北市大同區重慶北路一段1之1號1樓,121.5139,25.0494,健身房,
42,大同,玉泉公園游泳池附設健身房,體育局,星哲企業股份有限公司圓山分公司,(02)25509828,,,臺北市大同區西寧北路28號,121.5077,25.0498,健身房,
43,大同,GroupFitness 好團健身空間圓山館,私立,杜驍健康有限公司,(02)25637916,,,臺北市大同區承德路三段244號1樓,121.5186,25.0727,健身房,
44,大同,Plan A Fitness,私立,鏷苒安有限公司,(02)25956669,,,臺北市大同區承德路三段25號2樓,121.5185,25.0640,健身房,
45,大同,1M3沂立方健身顧問中心,私立,褐令巴特股份有限公司,,,0979000257,臺北市中山區長安東路一段13號2樓,121.5226,25.0497,健身房,
46,大安,Anytime Fitness 台北信義安和店,私立,愛美態健康管理顧問股份有限公司,(02)27032803,,,臺北市大安區信義路四段279號地下1樓之1,121.5548,25.0333,健身房,
47,大安,Axis Fitness 亞西斯VIP私人健身會館,私立,亞西斯運動健康顧問有限公司,(02)27711717,,,臺北市大安區忠孝東路三段249之1號2樓,121.5415,25.0418,健身房,
48,大安,BEREN FIT,私立,畢人體能有限公司,,,0915010222,臺北市大安區信義路四段199巷32號1樓,121.5515,25.0353,健身房,
49,大安,Beyond Fitness 忠孝店,私立,超越體能顧問有限公司忠孝門市,(02)27769932,,,臺北市大安區大安路一段75巷21號1樓,121.5475,25.0422,健身房,
50,大安,Beyond Fitness 東門店,私立,超越體能顧問有限公司,(02)23960776,,,臺北市大安區信義路二段28號1樓,121.5253,25.0347,健身房,
51,大安,Beyond Fitness Enhanced 信義安和店,私立,超越體能顧問有限公司信義安和門市,(02)27200530,,,臺北市大安區安和路二段81號地下1樓,121.5521,25.0300,健身房,
52,大安,趣野外運動空間,私立,趣野外運動有限公司,(02)23629690,,,臺北市大安區羅斯福路三段297之4號3樓,121.5317,25.0176,健身房,
53,大安,Curves 大安店,私立,悅麗健康事業有限公司,(02)27000213,,,臺北市大安區信義路三段192號2樓,121.5429,25.0331,健身房,
54,大安,Curves 和平科技店,私立,三衡一樹健康事業有限公司,(02)27551581,,,臺北市大安區和平東路二段257號3樓,121.5437,25.0249,健身房,
55,大安,Curves 忠孝敦化店,私立,雍天盛國際有限公司,(02)27218828,,,臺北市大安區忠孝東路四段250號2樓之3,121.5542,25.0412,健身房,
56,大安,Curves 信義永康店,私立,佳仕旺國際有限公司,(02)33222610,,,臺北市大安區信義路二段222號2樓,121.5313,25.0334,健身房,
57,大安,Curves 信義通化店,私立,達文西育樂有限公司,(02)27043470,,,臺北市大安區信義路四段263號3樓之1,121.5539,25.0333,健身房,
58,大安,DR.GYM 運動醫療訓練中心新生店,私立,達康勁健康事業股份有限公司,(02)27550007,,,臺北市大安區新生南路一段155號地下1樓,121.5329,25.0351,健身房,
59,大安,Ray's Fitness艾瑞斯健身工作室,私立,艾瑞斯健身工作室,(02)87710868,,,臺北市大安區忠孝東路四段54號4樓,121.5450,25.0414,健身房,
60,大安,F45 Training 大安店,私立,億勁達股份有限公司,(02)33669997 ,,,臺北市大安區建國南路一段163號1樓,121.5377,25.0410,健身房,
61,大安,Fit Five,私立,生達運動企業行,,,0920998498,臺北市大安區濟南路三段31號之1號1樓,121.5352,25.0402,健身房,
62,大安,Fit Issa,私立,百村企業有限公司,(02)27064068,,,臺北市大安區光復南路390號地下1樓,121.5573,25.0372,健身房,
63,大安,FIT ZONE byWorld Gym 公館店,私立,香港商世界健身事業有限公司飛動公館分公司,(02)23677666,,,臺北市大安區羅斯福路3段281號1樓,121.5314,25.0179,健身房,
64,大安,Fusion Force Fitness 諧動空間,私立,諧動健康科技股份有限公司大安分公司,,,0926112491,臺北市大安區信義路二段74號10樓,121.5263,25.0342,健身房,
65,大安,Give Training,私立,澤力有限公司,,,0926852328,臺北市大安區仁愛路四段407之1號1樓,121.5558,25.0380,健身房,
66,大安,Goal Fitness 走健身,私立,緣點運動企業社,(02)87720722,,,臺北市大安區大安路一段85號2樓,121.5462,25.0409,健身房,
67,大安,Goalway 訓練工作室,私立,構韋有限公司,,,0989616951,臺北市大安區光復南路578號2樓,121.5573,25.0336,健身房,
68,大安,her fitness 她的專屬健身空間,私立,安琪健康管理顧問有限公司,(02)27118886,,,臺北市大安區忠孝東路四段226號8樓,121.5536,25.0412,健身房,
69,大安,HI FIT 運動空間,私立,核立運動顧問有限公司,(02)87733770,,,臺北市大安區復興南路一段125號3樓,121.5440,25.0433,健身房,
70,大安,How How GYM 好好健身光復店 ,私立,漢杰健身事業股份有限公司,(02)87730030,,,臺北市大安區光復南路180巷6號2樓,121.5572,25.0425,健身房,
71,大安,How How GYM 好好健身東門店,私立,漢杰健康事業股份有限公司東門分公司,(02)23951385,,,臺北市大安區信義路二段36號1樓,121.5255,25.0346,健身房,
72,大安,Jack In The Gym 傑克在健身(敦南館),私立,傑克健身行銷有限公司,,,0928138358,臺北市大安區忠孝東路四段147巷1號11樓,121.5497,25.0418,健身房,
73,大安,MARTIAL ARMOUR MMA＆FITNESS ,私立,武甲運動事業有限公司古亭營業所,(02)23631188,,,臺北市大安區羅斯福路二段93號1樓,121.5240,25.0251,健身房,
74,大安,master fitness 專業健身職人,私立,碩源運動顧問有限公司,,,0919739880,臺北市大安區信義路三段106號6樓,121.5382,25.0332,健身房,
75,大安,PB SPORT,私立,十勻有限公司,(02)23223668,,,臺北市大安區金山南路二段33號地下1樓,121.5272,25.0328,健身房,
76,大安,PFC 肌力與體能訓練,私立,支點運動有限公司,,,0930358003,臺北市大安區忠孝東路四段250號2樓之4,121.5542,25.0412,健身房,
77,大安,Pro Space ,私立,普羅教育訓練有限公司,,,0919118264,臺北市大安區復興南路一段62號2樓之1,121.5436,25.0445,健身房,
78,大安,PUSHFitness 推動力運動空間,私立,推動力體適能運動有限公司,(02)27085458 ,,0922652077,臺北市大安區和平東路二段163號1樓,121.5414,25.0253,健身房,
79,大安,Rechar Gym,私立,能量充電站有限公司,,,0975229210,臺北市大安區信義路二段251號7樓,121.5312,25.0338,健身房,
80,大安,Space Cycle 台北明曜旗艦館,私立,觀示苑股份有限公司忠孝分公司,(02)27730108,,,臺北市大安區忠孝東路四段200號13樓,121.5520,25.0412,健身房,
81,大安,Start Fitness,私立,史達特有限公司,(02)23581686,,,臺北市大安區金山南路二段134號1樓,121.5262,25.0295,健身房,
82,大安,S動作訓練中心,私立,群安健康事業有限公司,(02)27068858,,,臺北市中山區長春路368號2樓之1室,121.5427,25.0544,健身房,
83,大安,TFL 淬煉體能訓練中心,私立,生命焠鍊體能顧問有限公司,(02)23515791 ,,0922579429,臺北市大安區忠孝東路四段303號地下1樓,121.5554,25.0415,健身房,
84,大安,TMMA 多功能訓練中心古亭館,私立,川復有限公司,(02)33222822,,,臺北市大安區金山南路二段222號地下1樓,121.5258,25.0276,健身房,
85,大安,UFC GYM TAIWAN,私立,優競健身事業股份有限公司,(02)87733772,,,臺北市大安區安和路一段27號地下2樓,121.5503,25.0391,健身房,
86,大安,World Gym 健身俱樂台北通化店,私立,香港商世界健身事業有限公司台北通化分公司,(02)27332888,,,臺北市大安區臨江街87號2樓,121.5549,25.0301,健身房,
87,大安,World Gym 健身俱樂部大安店,私立,香港商世界健身事業有限公司大安分公司,(02)23258888,,,臺北市大安區信義路四段6號3樓,121.5441,25.0331,健身房,
88,大安,World Gym 健身俱樂部台北統領店,私立,香港商世界健身事業有限公司忠孝分公司,(02)27739000,,,臺北市大安區忠孝東路四段201號3樓,121.5517,25.0416,健身房,
89,大安,World Gym 健身俱樂部台北麗水店,私立,香港商世界健身事業有限公司台北麗水分公司 ,(02)23212333,,,臺北市大安區麗水街18號1樓,121.5285,25.0308,健身房,
90,大安,World Gym 健身俱樂部光復店,私立,香港商世界健身事業有限公司光復分公司 ,(02)87713555,,,臺北市大安區忠孝東路四段330號地下一樓,121.5573,25.0411,健身房,
91,大安,YELLOW TRAINING STUDIO,私立,英雄豪傑體能訓練有限公司,(02)27788227,,,臺北市大安區濟南路三段31號1樓,121.5352,25.0402,健身房,
92,大安,力平方 SquareForce,私立,力平方有限公司,,,0909839638,臺北市大安區忠孝東路三段303號1樓,121.5434,25.0418,健身房,
93,大安,力坊體適能忠孝復興店 LEAP Fitness,私立,力坊體適能產業有限公司,(02)27739527,,,臺北市大安區忠孝東路三段203之2號2樓,121.5390,25.0419,健身房,
94,大安,大安運動中心,體育局,長佳機電工程股份有限公司大安運動中心暨和平籃球館營業所,(02)23770300,,,臺北市大安區辛亥路三段55號,121.5431,25.0206,健身房,
95,大安,好時光女生運動樂園大安樂園,私立,好時光風格股份有限公司大安分公司,,,0987620428,臺北市大安區復興南路一段249號4樓,121.5438,25.0369,健身房,
96,大安,作伙 CrossFit,私立,威整合體能股份有限公司,(02)27366027,,,臺北市大安區和平東路二段46巷11號1~3樓,121.5383,25.0250,健身房,
97,大安,初練健身工作室 TrueWorkout,私立,初練健身工作室,(02)27751678,,,臺北市大安區復興南路一段62號3樓,121.5436,25.0445,健身房,
98,大安,芮宜運動醫學肌力訓練中心東門館,私立,芮宜股份有限公司,(02)25679847,,,臺北市大安區信義路二段104號8樓,121.5274,25.0338,健身房,
99,大安,師大附中運動中心健身房,教育部,舞動陽光股份有限公司師大附中營業所,(02)27086000,,,臺北市大安區信義路三段143號,121.5403,25.0336,健身房,
100,大安,拿鐵健身,私立,拿鐵健身工作室有限公司,(02)87713579 ,,,臺北市大安區仁愛路三段143巷21號1樓,121.5431,25.0394,健身房,
101,大安,閃電肌力體能訓練,私立,閃電訓練有限公司,,,0909906123,臺北市大安區復興南路二段65號2樓之2,121.5437,25.0306,健身房,
102,大安,健身計畫 Project Fit,私立,武議國際股份有限公司,(02)27033393,,,臺北市大安區復興南路二段27號地下2層,121.5437,25.0318,健身房,
103,大安,健身魂,私立,宇宙力量股份有限公司,(02)27042177,,,臺北市大安區信義路三段109號地下1樓,121.5390,25.0336,健身房,
104,大安,國立臺灣大學綜合體育館,學校自營,國立臺灣大學綜合體育館,(02)33665959,,,臺北市大安區羅斯福路4段1號,121.5336,25.0170,健身房,
105,大安,強健身,私立,程強健康有限公司,(02)23659863,,,臺北市大安區羅斯福路三段281號2樓之1,121.5314,25.0179,健身房,
106,大安,低氧喜客,私立,單車喜客自行車人文精品店有限公司,(02)27772008,,,臺北市大安區仁愛路四段413號地下1樓,121.5561,25.0380,健身房,
107,大安,森林跑站 RunBase,私立,馬拉松創意生活有限公司,(02)23218834,,,臺北市大安區新生南路二段60號1樓,121.5341,25.0283,健身房,
108,大安,進化論 Evolution Fitness 健身房,私立,進化論體能股份有限公司,(02)27060667,,,臺北市大安區復興南路一段380號地下1樓,121.5433,25.0341,健身房,
109,大安,陽光健身 Sunshine Fitness,私立,陽光健體股份有限公司,,,0972075506,臺北市大安區忠孝東路四段60號2樓,121.5453,25.0413,健身房,
110,大安,運動皮質區體適能訓練所 Motor Cortex Fitness Studio,私立,運動皮質區體適能工作室,,,0921285612,臺北市大安區和平東路一段274之1號4樓,121.5340,25.0259,健身房,
111,大安,窩 WoFitness,私立,窩股份有限公司,,,0987410043,臺北市大安區羅斯福路三段79號地下1樓,121.5261,25.0227,健身房,
112,大安,奮發向上健身,私立,奮發向上運動事業有限公司,(02)27012493,,,臺北市大安區信義路四段151號2樓之3,121.5497,25.0334,健身房,
113,大安,體育客體適能學院,私立,三十甲體適能有限公司,(02)87326645,,,臺北市大安區和平東路三段246號1樓,121.5550,25.0217,健身房,
114,大安,就是肌力體能訓練中心大安店,私立,智安體能有限公司,,,0956698030,臺北市大安區復興南路二段152號1樓,121.5432,25.0281,健身房,
115,大安,Fitnexx 私人健身空間,私立,菲尼克斯健身股份有限公司,(02)27551238,,,臺北市大安區安和路一段137號2樓,121.5526,25.0341,健身房,
116,大安,巨平方健身房 GSQUARE 光復店,私立,巨平方健身事業有限公司,(02)27119226,,,臺北市大安區光復南路180巷2號2樓,121.5572,25.0426,健身房,
117,中山,World Gym 健身俱樂部大直北安店,私立,香港商世界健身事業有限公司大直北安分公司,(02)25332233,,,臺北市中山區北安路554巷19號地下1樓,121.5489,25.0801,健身房,
118,中山,XL CLUB,私立,海克利斯運動器材有限公司,(02)25988859,,,臺北市中山區民族東路10號4樓,121.5238,25.0682,健身房,
119,中山,ALIGNED FITNESS 齊天健身,私立,齊天健身事業有限公司,(02)85092053,,,臺北市中山區明水路567號1樓,121.5513,25.0795,健身房,
120,中山,BMF 動空間,私立,硬邦幫國際股份有限公司,(02)25118120,,,臺北市信義區松仁路89號地下2樓,121.5687,25.0372,健身房,
121,中山,Curves 中山錦州店,私立,歐貝有限公司,(02)25232488,,,臺北市中山區中山北路二段115巷45號1樓,121.5246,25.0609,健身房,
122,中山,Curves 南京復興店,私立,優曲線國際有限公司,(02)27118908,,,臺北市中山區南京東路三段208號5樓,121.5432,25.0516,健身房,
123,中山,Curves 建國長春店,私立,申展健康事業有限公司,(02)25152827,,,臺北市中山區建國北路二段74號3樓,121.5364,25.0550,健身房,
124,中山,Energym 林森店,私立,澤康運動顧問有限公司,,,0953315783,臺北市中山區林森北路77號2樓,121.5248,25.0495,健身房,
125,中山,Find Time Fitness Club 找時間動一動俱樂部,私立,找時間動一動俱樂部有限公司,(02)25339979,,,臺北市中山區明水路581巷25號地下1樓,121.5505,25.0801,健身房,
126,中山,Free Power 運動訓練,私立,健鑫體適能有限公司,,,0961280058,臺北市中山區新生北路一段83號地下1樓,121.5282,25.0509,健身房,
127,中山,GONNAFAT,私立,權宇有限公司,,,0952521768,臺北市中山區長安東路二段99號2樓,121.5349,25.0485,健身房,
128,中山,JEXER・FITNESS & SPA JR 東日本健身俱樂部,私立,台灣捷爾東健身事業股份有限公司,(02)77231499,,,臺北市中山區南京東路三段133號地下2樓,121.5412,25.0522,健身房,
129,中山,Living Fitness 健生活,私立,艾斯克健身有限公司,(02)21001680,,,臺北市中山區林森北路96號2樓,121.5246,25.0499,健身房,
130,中山,Monkey Training 猴子體能訓練,私立,康璽運動行銷有限公司,(02)25311228,,,臺北市中山區松江路276號6樓,121.5329,25.0598,健身房,
131,中山,More fit 松江南京店,私立,摩爾菲特健康顧問有限公司,(02)25180080,,,臺北市中山區南京東路二段125號地下1樓,121.5345,25.0522,健身房,
132,中山,MYWAY Fitness,私立,麥威肌力體能股份有限公司,(02)87724271,,,臺北市中山區復興南路一段2號地下1樓,121.5436,25.0471,健身房,
133,中山,O.M FIT 運動空間,私立,果毅健身有限公司 ,(02)25311640 ,,,臺北市中山區林森北路147號2樓 ,121.5253,25.0514,健身房,
134,中山,OPTiMAX 動作重塑與肌力訓練,私立,台灣三維體能股份有限公司,(02)85020903,,,臺北市中山區明水路678號1樓,121.5510,25.0839,健身房,
135,中山,PLUS Fitness Studio,私立,普拉斯運動顧問股份有限公司 ,(02)25158508,,,臺北市中山區復興北路446號1樓,121.5440,25.0639,健身房,
136,中山,PULSE Gym 台北建國店,私立,嘉和智能科技股份有限公司建國營業處,(02)25157800,,,臺北市中山區建國北路一段96號1樓,121.5362,25.0503,健身房,
137,中山,Refine Fitness,私立,提爾健身有限公司,(02)25684892,,,臺北市中山區南京東路二段97號地下1樓,121.5323,25.0522,健身房,
138,中山,STEPX FITNESS 健身房,私立,匹塔股份有限公司,(02)25670249,,,臺北市中山區南京東路二段8號地下1樓,121.5283,25.0519,健身房,
139,中山,VShape 頗行健體運動空間,私立,頗行健體有限公司,,,0987279287,臺北市中山區長春路61巷27號1樓,121.5264,25.0558,健身房,
140,中山,WEEE  Fitness,私立,一起練股份有限公司,(02)87726429,,,臺北市中山區市民大道三段143號2樓,121.5392,25.0448,健身房,
141,中山,World Gym 健身俱樂部大直店,私立,香港商世界健身事業有限公司大直分公司,(02)85012333,,,臺北市中山區堤頂大道二段588號,121.5596,25.0844,健身房,
142,中山,World Gym 健身俱樂部台北長春店,私立,香港商世界健身事業有限公司台北長春分公司,(02)25215222,,,臺北市中山區長春路90號1樓,121.5271,25.0547,健身房,
143,中山,World Gym 健身俱樂部民權東店,私立,香港商世界健身事業有限公司台北民權東分公司,(02)25155522,,,臺北市中山區民權東路三段72號地下1樓,121.5430,25.0621,健身房,
144,中山,X-fit studio 體適能健體空間,私立,心安實業,(02)25622296,,,臺北市中山區中山北路二段56號3樓,121.5225,25.0564,健身房,
145,中山,中山運動中心,體育局,社團法人中國青年救國團臺北市中山運動中心,(02)25711060,,,臺北市中山區中山北路二段44巷2號,121.5188,25.0548,健身房,
146,中山,五十佳健身薈,私立,香港商五十佳健康事業股份有限公司(台灣分公司),(02)25119950,,,臺北市中山區南京東路一段138號4樓,121.5273,25.0518,健身房,
147,中山,天天健體能訓練室 Everyday Training,私立,佑銓道國際企業社,,,0953071887,臺北市中山區松江路275號地下1樓,121.5333,25.0600,健身房,
148,中山,北安國中游泳池附設健身房,教育局,太格股份有限公司北安營業所,(02)25325733,,,臺北市中山區明水路325號,121.5416,25.0778,健身房,
149,中山,宅健身,私立,台北健身中心有限公司,(02)25317768,,,臺北市中山區民生東路一段29號地下1樓,121.5250,25.0583,健身房,
150,中山,巨平方健身房 GSQUARE 民權店,私立,巨平方健身事業有限公司,(02)25112528,,,臺北市中山區中山北路二段183之5號1樓,121.5227,25.0636,健身房,
151,中山,H&Y FITNESS,私立,憶昕體能訓練有限公司,,,0938933623,臺北市中山區長安東路二段204號1樓,121.5418,25.0482,健身房,
152,中山,好時光女生運動樂園松江樂園,私立,好時光運動顧問有限公司,(02)25629047,,,臺北市中山區長安東路二段49號2樓,121.5322,25.0485,健身房,
153,中山,好時光女生運動樂園南京樂園,私立,好時光相信運動有限公司,(02)25075976,,,臺北市中山區龍江路96號4樓,121.5403,25.0523,健身房,
154,中山,米鈦工作室,私立,米鈦工作室,,,0913175922,臺北市中山區林森北路100號8樓之6,121.5247,25.0504,健身房,
155,中山,拳能健身館 Dynamic Fitness,私立,拳能健身館,,,0960399999,臺北市中山區樂群三路77號2樓,121.5540,25.0828,健身房,
156,中山,烈火拳擊運動空間 BlazeBoxing,私立,恩雨運動工作室,(02)25674605,,,臺北市中山區長春路40號5樓,121.5249,25.0548,健身房,
157,中山,健身工廠 Fitness Factory 長春廠,私立,柏文健康事業股份有限公司台北長春分公司,(02)27196555,,,臺北市中山區遼寧街177號地下2樓,121.5423,25.0527,健身房,
158,中山,健身工廠中山北廠,私立,柏文健康事業股份有限公司台北中山北分公司,(02)25819222,,,臺北市中山區中山北路二段59巷45號地下1樓 ,121.5245,25.0559,健身房,
159,中山,強大肌力訓練中心,私立,強大肌力訓練中心有限公司,(02)26275282,,,臺北市中山區樂群二路265巷32號,121.5604,25.0812,健身房,
160,中山,植健身 FIT PLANT GYM,私立,全創適能有限公司,(02)25221152,,,臺北市中山區中山北路一段33巷25號1樓,121.5230,25.0486,健身房,
161,中山,給力健身房林森店,私立,給力健身有限公司,(02)25418585,,,臺北市中山區林森北路381號地下1樓,121.5256,25.0585,健身房,
162,中山,絲瓜健身房 SQUAT FITNESS ,私立,絲瓜運動股份有限公司,(02)27771109,,,臺北市中山區八德路二段309號1樓,121.5426,25.0474,健身房,
163,中山,菲特邦健康管理工作室,私立,菲特邦健康管理顧問有限公司,(02)25814402,,,臺北市中山區中山北路二段77巷14號3樓,121.5243,25.0574,健身房,
164,中山,跑者肌地 Runner Sports Training,私立,跑者肌地有限公司,,,0930792287,臺北市中山區新生北路三段84巷47號,121.5260,25.0675,健身房,
165,中山,黃金比例健身工坊,私立,黃金比例健身工坊,,,0986373060,臺北市中山區林森北路77號3樓 ,121.5248,25.0495,健身房,
166,中山,榮星花園游泳池附設健身房,體育局,全越運動事業股份有限公司榮星花園游泳池館,(02)25079366,,,臺北市中山區建國北路三段39號2樓,121.5376,25.0639,健身房,
167,中山,練健康南京店,私立,凱羅斯健康有限公司,(02)25074196,,,臺北市中山區南京東路三段29號地下1樓,121.5379,25.0522,健身房,
168,中山,橡體有限公司,私立,橡體有限公司,(02)25221152,,,臺北市中山區中山北路一段33巷25號2樓,121.5230,25.0486,健身房,
169,中山,鍛鍊基地 Workout Base ,私立,駿騰事業有限公司,(02)27188330,,,臺北市中山區長春路410號2樓,121.5437,25.0544,健身房,
170,中山,台北運動健身中心 長安店,私立,長安健身器材有限公司,(02)25716555,,,臺北市中山區長安東路一段21號地下1樓,121.5231,25.0496,健身房,
171,中山,Refine Fitness 純淬健身 松江1號店,私立,希芙健康股份有限公司,(02)25684891,,,臺北市中山區南京東路二段100號地下1樓,121.5318,25.0519,健身房,
172,中山,SoFit 微健身民權店,私立,碩妃健康事業股份有限公司,(02)25177682,,,臺北市中山區民權東路三段2號15樓,121.5377,25.0622,健身房,
173,中山,愛表現體能學院,私立,愛表現體能顧問股份有限公司,(02)27216262,,,臺北市中山區朱崙街60號地下1樓,121.5434,25.0498,健身房,
174,中山,18lightfitclub_minquan,私立,輕瑩力工作室,(02)87724290,,,臺北市中山區撫順街35之2號1樓,121.5197,25.0635,健身房,
175,中正,BeeFit 蜂運動寧波教室,私立,蜂動有限公司,(02)33933227,,,臺北市中正區寧波西街79號1樓,121.5167,25.0303,健身房,
176,中正,Curves 古亭店,私立,台灣威凌克股份有限公司可爾絲古亭二號分公司,(02)23643002,,,臺北市中正區羅斯福路二段116號3樓之1,121.5226,25.0264,健身房,
177,中正,Force Fitness 運動空間中正店,私立,元動健康事業股份有限公司,(02)23969996,,,臺北市中正區南昌路一段123號2樓之2,121.5183,25.0298,健身房,
178,中正,NOW GO 公館店,私立,鬧購國際有限公司,,,0975809155,臺北市中正區羅斯福路三段312號8樓,121.5325,25.0161,健身房,
179,中正,PowFit 博派運動空間,私立,博昕管理顧問有限公司,,,0955515141,臺北市中正區開封街一段27號3樓,121.5135,25.0460,健身房,
180,中正,P平方 P Square Training Studio,私立,傑瑞運動整合有限公司,,,0926001401,臺北市中正區汀洲路三段61號1樓,121.5281,25.0181,健身房,
181,中正,World Gym 健身俱樂部公館店,私立,香港商世界健身事業有限公司公館分公司,(02)23660202,,,臺北市中正區羅斯福路四段68號2樓,121.5342,25.0145,健身房,
182,中正,World Gym 健身俱樂部台北站前店,私立,香港商世界健身事業有限公司台北分公司,(02)23117000,,,臺北市中正區忠孝西路一段50號6樓,121.5158,25.0463,健身房,
183,中正,中正運動中心,體育局,舞動陽光有限公司中正營業所,(02)33225016,,,臺北市中正區信義路一段1號,121.5167,25.0385,健身房,
184,中正,好時光女生運動樂園,私立,好時光創意生活有限公司,(02)23512878,,,臺北市中正區南昌路二段53號1樓,121.5202,25.0276,健身房,
185,中正,成功高中運動中心,教育局,舞動陽光股份有限公司成功營業所,(02)23218222,,,臺北市中正區濟南路一段71號 ,121.5237,25.0424,健身房,
186,中正,虎鐵健身工作室,私立,七樂健身有限公司,,,0953042067,臺北市中正區館前路34號3樓,121.5148,25.0446,健身房,
187,中正,原點肌力體能訓練,私立,豐鑠體能有限公司,,,0973136997,臺北市中正區羅斯福路三段140巷2之3號1樓,121.5283,25.0197,健身房,
188,中正,尋動率 Searchannel,私立,尋動率有限公司,(02)23672295,,,臺北市中正區廈門街75之1號1樓,121.5174,25.0247,健身房,
189,中正,運動旅程,私立,瘋旅程有限公司公館分公司,(02)66173329,,,臺北市中正區羅斯福路三段272號7樓,121.5318,25.0168,健身房,
190,中正,鴻鑫運動企業社,私立,鴻鑫運動企業社,,,0938633195,臺北市中正區忠孝東路一段15號3樓,121.5241,25.0448,健身房,
191,中正,波克萊體能,私立,波克萊體能顧問有限公司,(02)23587771,,,臺北市中正區金山南路一段65號1樓,121.5283,25.0378,健身房,
192,中正,ISPORTS 愛健身俱樂部,私立,愛健身股份有限公司,(02)23939933,,,臺北市中正區仁愛路一段38號1樓,121.5229,25.0384,健身房,
193,中正,Functional Patterns 台灣台北台大店,私立,加減健康管理顧問有限公司台北台大店分公司,(02)23620999,,,臺北市中正區羅斯福路三段150號1樓,121.5286,25.0200,健身房,
194,內湖,Curves 內湖成功店,私立,馳洋有限公司,(02)27948659,,,臺北市內湖區成功路四段34號2樓,121.5917,25.0818,健身房,
195,內湖,Curves 內湖西湖店,私立,馳洋有限公司西湖分公司,(02)26276550,,,臺北市內湖區內湖路一段360巷15號7樓之4,121.5707,25.0809,健身房,
196,內湖,Curves 內湖東湖店,私立,奕揚國際有限公司,(02)26310798,,,臺北市內湖區東湖路33巷17號1樓,121.6131,25.0698,健身房,
197,內湖,DREAM FiT 夢啟動健身運動會館,私立,夢啟動健身事業有限公司,(02)87518578,,,臺北市內湖區內湖路一段118號1樓,121.5632,25.0832,健身房,
198,內湖,F45 Training 內湖店,私立,億勁達股份有限公司,,,0933669997,臺北市內湖區瑞光路578號1樓,121.5664,25.0800,健身房,
199,內湖,FITLAB 健身試驗所,私立,斜槓人生實業有限公司,(02)26316495,,,臺北市內湖區東湖路126號2樓,121.6164,25.0680,健身房,
200,內湖,FMC fitness 健身空間,私立,模範體能實業社,(02)26341917,,,臺北市內湖區東湖路11號2樓,121.6127,25.0689,健身房,
201,內湖,Hypercore Fitness 超核心健身中心台北內湖成功館,私立,香港商宇曦健康顧問有限公司台灣分公司內湖成功門市,(02)77463899,,,臺北市內湖區成功路四段168號地下2樓,121.5930,25.0832,健身房,
202,內湖,Letsgo 來運動健身俱樂部,私立,飛躍運動館,(02)27945385,,,臺北市內湖區成功路四段50號2樓之1,121.5921,25.0822,健身房,
203,內湖,NIFEI FITNESS,私立,妮飛體適能事業股份有限公司,(02)26270896,,,臺北市內湖區瑞湖街99號1樓,121.5761,25.0735,健身房,
204,內湖,TOP JUN FITNESS,私立,上竣運動有限公司,,,0925333486,臺北市內湖區成功路三段141號3樓,121.5899,25.0795,健身房,
205,內湖,UFC GYM 內科模範館,私立,冠競健康事業股份有限公司,(02)27996666,,,臺北市內湖區洲子街55號1樓,121.5735,25.0793,健身房,
206,內湖,World Gym 健身俱樂部內湖店,私立,香港商世界健身事業有限公司內湖分公司,(02)26345488,,,臺北市內湖區康寧路三段72號8樓,121.6112,25.0702,健身房,
207,內湖,World Gym 健身俱樂部內湖港墘店,私立,香港商世界健身事業有限公司內湖港墘分公司,(02)26586222,,,臺北市內湖區港墘路221巷33號3樓,121.5746,25.0738,健身房,
208,內湖,World Gym 健身俱樂部內湖福華店,私立,香港商世界健身事業有限公司內湖民權分公司 ,(02)27905522,,,臺北市內湖區民權東路六段180巷6號地下2樓,121.5926,25.0681,健身房,
209,內湖,YOUTH Fitness & Yoga 內科瑞光館,私立,優勢開發管理顧問公司,(02)87733833,,,臺北市內湖區瑞光路550號1樓,121.5670,25.0797,健身房,
210,內湖,三健客 3musclers內湖店,私立,三健客體能顧問工作室,(02)87511915,,,臺北市內湖區港華街18號1樓,121.5773,25.0822,健身房,
211,內湖,大湖公園游泳池附設健身房,體育局,星哲企業股份有限公司大湖分公司,(02)87911698,,,臺北市內湖區成功路五段31號,121.6039,25.0828,健身房,
212,內湖,內湖運動中心,體育局,中國青年救國團臺北市內湖運動中心,(02)26562869,,,臺北市內湖區洲子街12號,121.5721,25.0781,健身房,
213,內湖,日心健身 ,私立,四季健⾝股份有限公司內湖分公司,(02)2794 8836 ,,,臺北市內湖區民權東路六段56巷17號1樓 ,121.5854,25.0675,健身房,
214,內湖,正能量 FITNESS,私立,普瑞特斯有限公司,(02)87972666,,,臺北市內湖區內湖路一段322號2樓,121.5701,25.0815,健身房,
215,內湖,W.B.F Fitness,私立,鍛峯運動工作室,,,0987815936,臺北市內湖區民權東路六段56巷1弄4號1樓,121.5848,25.0685,健身房,
216,內湖,舞動陽光南湖高中運動中心,教育局,舞動陽光有限公司內湖營業所,(02)26341717,,,臺北市內湖區康寧路三段220號,121.6110,25.0669,健身房,
217,內湖,愛健康肌力教室,私立,愛健康肌力有限公司,(02)26585276,,,臺北市內湖區內湖路二段73號1樓,121.5823,25.0797,健身房,
218,內湖,葫蘆洲運動公園,環保局,臺北市政府環境保護局內湖垃圾焚化廠,(02)27961833,362,,臺北市內湖區安康路290號,121.6034,25.0627,健身房,
219,內湖,臺北市網球中心附設健身房,體育局,匯陽百貨事業股份有限公司臺北市網球中心分公司,(02)27951166,,,臺北市內湖區民權東路六段208號,121.5966,25.0676,健身房,
220,內湖,練一下 GYMCUBE,私立,鑫琞體能股份有限公司,(02)27906068,,,臺北市內湖區成功路三段145號地下1樓,121.5900,25.0796,健身房,
221,內湖,練一下 GYMCUBE 文德店,私立,曌躍股份有限公司,(02)27996667,,,臺北市內湖區文德路108號地下1樓,121.5831,25.0783,健身房,
222,內湖,轉捩點健康工作室 (H.F.P STUDIO),私立,轉捩點健康工作室,,,0912274695,臺北市內湖區內湖路二段395號2樓,121.5928,25.0841,健身房,
223,內湖,內湖力康運動醫學/運動表現中心,私立,力康健康事業股份有限公司,(02)26586311,,,臺北市內湖區內湖路一段356號2樓,121.5705,25.0814,健身房,
224,內湖,珕體能工作室,私立,珕體能有限公司,(02)26349858,,,臺北市內湖區成功路五段79號1樓,121.6055,25.0740,健身房,
225,內湖,沛力訓練,私立,沛力訓練有限公司,(02)27985277,,,臺北市內湖區瑞光路443號1樓,121.5709,25.0789,健身房,
226,文山,Curves 文山保儀店,私立,喜禾有限公司,(02)77538628,,,臺北市文山區保儀路11號4樓之1,121.5686,24.9885,健身房,
227,文山,Curves 景美店,私立,好享瘦國際有限公司,(02)29315118,,,臺北市文山區景文街46之1號3樓,121.5412,24.9913,健身房,
228,文山,Dream Fit 拳適能健身館,私立,拳適能館,,,0956353696,臺北市文山區景美街1之4號1樓,121.5417,24.9941,健身房,
229,文山,IN GYM 樂康健身俱樂部,私立,承新國際管理顧問股份有限公司文山分公司,(02)86632618,,,臺北市文山區景隆街36巷2號2樓,121.5434,24.9986,健身房,
230,文山,More fit 萬芳店,私立,摩爾菲特健康顧問有限公司,(02)86632713,,,臺北市文山區興隆路三段71號地下1樓,121.5563,25.0001,健身房,
231,文山,文山運動中心,體育局,中國青年救國團臺北市文山運動中心,(02)22308268,,,臺北市文山區興隆路三段222號,121.5589,24.9970,健身房,
232,文山,有道 Fitness Way,私立,有道工作室,,,0952914787,臺北市文山區木柵路三段48巷1弄7號1樓,121.5649,24.9877,健身房,
233,文山,芳鄰健身 Family Gym 景美店,私立,芳鄰健身事業有限公司,(02)29333339,,,臺北市文山區羅斯福路六段130號地下1樓,121.5403,24.9970,健身房,
234,文山,威利體 Well Fitness,私立,威利體有限公司,(02)29300737,,,臺北市文山區景文街41號2樓,121.5414,24.9920,健身房,
235,文山,真適能運動俱樂部,私立,宇妍有限公司,(02)22345630,,,臺北市文山區木柵路三段77號10樓,121.5671,24.9887,健身房,
236,文山,健身工廠台北萬隆場廠,私立,柏文健康事業股份有限公司台北萬隆分公司 ,,,0970174515,臺北市文山區興隆路一段15號2樓,121.5403,25.0042,健身房,
237,文山,博嘉運動公園游泳池附設健身房,環保局,咖啡櫻有限公司,(02)22395494,,,臺北市文山區木柵路四段159巷16號,121.5755,25.0010,健身房,
238,文山,景美游泳池(運動教室),體育局,中國青年救國團臺北市景美游泳池,(02)29353602,,,臺北市文山區羅斯福路五段176巷50號1樓,121.5365,25.0039,健身房,
239,文山,焠齡運動空間,私立,立緁有限公司,,,0955927768,臺北市文山區景興路59號,121.5448,24.9966,健身房,
240,文山,運動學 Fitology,私立,全球動競健康有限公司,(02)29315887,,,臺北市文山區興隆路二段252號地下1樓,121.5542,25.0006,健身房,
241,文山,瘋動健身工作室 Hive fitness,私立,喬傑瑞國際有限公司,(02)22346334,,,臺北市文山區興隆路四段54之8號1樓,121.5610,24.9858,健身房,
242,文山,萬隆力康運動醫學運動表現中心,私立,力康健康事業股份有限公司萬隆門市,(02)89319733,,,臺北市文山區羅斯福路五段127號1樓,121.5390,25.0047,健身房,
243,文山,拳勁生身活運動空間,私立,拳勁皇朝運動空間館,,,0981555223,臺北市文山區育英街79號1樓,121.5388,24.9926,健身房,
244,文山,JF Fitness,私立,德義工作室,,,0935922572,臺北市文山區仙岩路7號1樓,121.5479,24.9985,健身房,
245,文山,World Gym 健身俱樂部景美店,私立,香港商世界健身事業有限公司台北景美分公司,(02)29302222,,,臺北市文山區景後街95號2樓,121.5429,24.9919,健身房,
246,文山,煦陽適能空間 SUNRISE FITNESS STUDIO,私立,日初健康工作坊,(02)29300290,,,臺北市文山區汀州路四段173號1樓,121.5357,25.0045,健身房,
247,文山,Powerbank 運動教室,私立,肌吉有限公司,,,0986201598,臺北市文山區辛亥路五段35號1樓,121.5540,24.9994,健身房,
248,文山,BELIEF_IT 運動工作室,私立,相信順成有限公司,(02)22309008,,,臺北市文山區和平東路四段389號1樓,121.5742,24.9990,健身房,
249,文山,World Gym 健身俱樂部木柵店,私立,香港商世界健身事業有限公司台北木柵分公司,(02)22346888,,,臺北市文山區木柵路三段96號地下1樓,121.5671,24.9885,健身房,
250,北投,CHANGE fitness 轉化訓練空間,私立,轉化訓練空間工作室 ,,,0918636966,臺北市北投區中和街240號1樓 ,121.5013,25.1395,健身房,
251,北投,Curves 北投店,私立,豐好健康事業有限公司,(02)28936585,,,臺北市北投區磺港路8號4樓,121.5020,25.1332,健身房,
252,北投,Curves 石牌店,私立,喬菲立有限公司,(02)28200250,,,臺北市北投區裕民一路30號2樓,121.5170,25.1165,健身房,
253,北投,FITNESS FORMULA 專屬健議,私立,專屬健議有限公司,(02)28213120,,,臺北市北投區明德路11號1樓,121.5171,25.1069,健身房,
254,北投,FLYING STRONG 飛健身合作社,私立,飛創意健身股份有限公司,(02)28988655,,,臺北市北投區永興路一段32巷3弄14號1樓,121.5006,25.1384,健身房,
255,北投,Hamer Fitness,私立,眾鎚健康事業有限公司,,,0939122267,臺北市北投區東華街二段6號2樓,121.5149,25.1158,健身房,
256,北投,Nathan Fitness Studio 耐森健身工作室,私立,耐森健身工作室,,,0911896552,臺北市北投區三合街二段435號1樓 ,121.5024,25.1265,健身房,
257,北投,RISE 健身工作室,私立,萊斯健康事業有限公司,(02)28288806,,,臺北市北投區文林北路166巷1號2樓,121.5160,25.1068,健身房,
258,北投,World Gym 健身俱樂部北投中和店,私立,香港商世界健身事業有限公司北投中和分公司,(02)28922299,,,臺北市北投區中和街366號之1號1樓,121.4994,25.1416,健身房,
259,北投,北投垃圾焚化廠回饋設施附設健身房,環保局,咖啡櫻有限公司,(02)28360050,,,臺北市北投區洲美街271號,121.4991,25.1087,健身房,
260,北投,北投運動中心,體育局,建中工程股份有限公司北投分公司,(02)28202880,,,臺北市北投區石牌路一段39巷100號,121.5072,25.1165,健身房,
261,北投,台北市中華基督教青年會YMCA唭哩岸會館,私立,財團法人台北市中華基督教青年會唭哩岸會館,(02)28227070,,,臺北市北投區承德路七段312號,121.5046,25.1171,健身房,
262,北投,超力達工作室,私立,超力達工作室,,,0913299211,臺北市北投區大同街137號1樓,121.4985,25.1350,健身房,
263,北投,健身工廠石牌廠,私立,柏文健康事業股份有限公司台北石牌分公司,(02)28200777,,,臺北市北投區裕民六路2號地下1樓,121.5171,25.1134,健身房,
264,北投,CHILI SPACE 栖里健身俱樂部,私立,栖里健身事業股份有限公司,(02)28234961,,,臺北市北投區公舘路427號一樓,121.5029,25.1323,健身房,
265,北投,臺北捷運公司北投會館,公立,臺北大眾捷運股份有限公司,(02)28930105,8320,,臺北市北投區大業路527巷88號,121.4838,25.1349,健身房,
266,北投,維京健身工作室,私立,鉅翰實業有限公司,,,0929018883,臺北市北投區義理街81號1樓,121.5158,25.1181,健身房,
267,北投,天母力康運動醫學/運動表現中心,私立,力康健康事業股份有限公司天母門市,(02)28218599,,,臺北市北投區明德路365號3樓,121.5214,25.1176,健身房,
268,北投,CAMP 訓練營地,私立,昱昂有限公司,(02)28931300,,,臺北市北投區中央南路二段5號2樓,121.5005,25.1260,健身房,
269,松山,Beyond Fitness,私立,超越體能顧問有限公司,(02)27152733,,,臺北市松山區南京東路四段17號地下1樓,121.5500,25.0519,健身房,
270,松山,BLITZ,私立,銘耀企業社,,,0953315867,臺北市松山區光復北路129號地下1樓,121.5571,25.0525,健身房,
271,松山,Curves 民生圓環店,私立,右騰實業有限公司民生營業所,(02)27666866,,,臺北市松山區富錦街505號1樓,121.5642,25.0611,健身房,
272,松山,Curves 松山店,私立,雍容華國際有限公司,(02)27483117,,,臺北市松山區八德路四段666號4樓,121.5760,25.0498,健身房,
273,松山,Curves 南京三民店,私立,凱睿健康事業有限公司,(02)27483316,,,臺北市松山區南京東路五段202號3樓之5,121.5646,25.0511,健身房,
274,松山,Curves 南京小巨蛋店,私立,優曲線國際有限公司松山分公司,(02)25798181,,,臺北市松山區南京東路四段50號4樓之2,121.5534,25.0514,健身房,
275,松山,Curves 復興民權店,私立,貝拉拉有限公司,(02)25093303,,,臺北市松山區復興北路331號2樓,121.5443,25.0596,健身房,
276,松山,ENERGYM,私立,森蒲有限公司,(02)37651375,,,臺北市松山區南京東路五段123巷1弄4號1樓,121.5605,25.052,健身房,
277,松山,Fitness Hub ,私立,輝沃得國際有限公司 ,,,0975921520,臺北市松山區南京東路四段130號地下1樓,121.5556,25.0513,健身房,
278,松山,Force Fitness 小巨蛋店,私立,原力健康事業股份有限公司,(02)25770838,,,臺北市松山區八德路三段120號2樓,121.5540,25.0480,健身房,
279,松山,GYMEFIT,私立,藍青實業有限公司,(02)27479723,,,臺北市松山區健康路227號1樓,121.5626,25.0543,健身房,
280,松山,Joysport 樂適能運動,私立,樂適能健康運動事業有限公司,(02)27666682,,,臺北市松山區民生東路五段206之8號1樓,121.5646,25.0586,健身房,
281,松山,Jungle 叢零體適能 ,私立,鼎勝健康興業有限公司,(02)27668966,,,臺北市松山區光復南路1號地下1樓,121.5579,25.0479,健身房,
282,松山,Giant.D Fitness,私立,巨仁運動休閒有限公司 ,,,0980202909,臺北市松山區南京東路四段51號2樓之1,121.5509,25.0519,健身房,
283,松山,moving on 超愛動,私立,超人運動事業有限公司,(02)27470287,,,臺北市松山區南京東路五段202號2樓,121.5646,25.0511,健身房,
284,松山,日心健身南京旗艦館,私立,鋒達有限公司司,(02)27123456,,,臺北市松山區南京東路五段176號1樓,121.5634,25.0511,健身房,
285,松山,RNA,私立,艾莎雷德體能顧問有限公司,,,0921226468,臺北市松山區南京東路五段62號2樓,121.5605,25.0512,健身房,
286,松山,To Do Fitness,私立,放手做有限公司,(02)27120081,,,臺北市松山區南京東路四段15號3樓之1,121.5499,25.0519,健身房,
287,松山,TRUE YOGA FITNESS 全真瑜珈健身台北小巨蛋館,私立,全真概念健康事業股份有限公司環亞分公司,(02)27161234,,,臺北市松山區南京東路四段2號1樓,121.5499,25.0513,健身房,
288,松山,唯爾運動 wellness,私立,唯欣健康股份有限公司,(02)27121115,,,臺北市松山區南京東路四段137號7樓,121.5552,25.0517,健身房,
289,松山,World Gym 民生圓環店,私立,香港商世界健身事業有限公司民生圓環分公司,(02)27563000,,,臺北市松山區民生東路五段196號地下1樓,121.5642,25.0586,健身房,
290,松山,World Gym 健身俱樂部民生店,私立,京庚健康世界股份有限公司民生分公司 ,(02)87128200,,,臺北市松山區民生東路三段156號地下1樓,121.5476,25.0574,健身房,
291,松山,World Gym 健身俱樂部南京店,私立,香港商世界健身事業有限公司南京分公司,(02)27669888,,,臺北市松山區南京東路五段196號1樓,121.5640,25.0511,健身房,
292,松山,Xjumping 68 跳床俱樂部南京店,私立,康綠企業社,(02)27679027,,,臺北市松山區南京東路五段268號3樓,121.5668,25.0511,健身房,
293,松山,YOUTH Fitness & Yoga 敦北南京館,私立,優勢開發管理顧問公司,(02)27126381,,,臺北市松山區敦化北路100號1樓,121.5485,25.0528,健身房,
294,松山,小肌吧,私立,健骨頭有限公司,,,0953264300,臺北市松山區八德路四段691號2樓,121.5764,25.0502,健身房,
295,松山,肌擊Office,私立,肌擊有限公司,,,0970132286,臺北市松山區民生東路五段204之2號,121.5647,25.0583,健身房,
296,松山,忠‧初我健身工作室,私立,忠初我有限公司,,,0983177009,臺北市松山區光復北路30號2樓,121.5576,25.0492,健身房,
297,松山,松山運動中心,體育局,匯陽百貨事業股份有限公司松山運動中心分公司,(02)77555058,,,臺北市松山區敦化北路1號,121.5478,25.0489,健身房,
298,松山,長庚生物科技股份有限公司健康中心暨身心靈轉化中心,私立,長庚生物科技股份有限公司健康中心暨身心靈轉化中心,(02)27122211,,,臺北市松山區民生東路四段54之3號1樓,121.5512,25.0577,健身房,
299,松山,阿基里斯 Fitness GYM,私立,紅誠股份有限公司,(02)25465778,,,臺北市松山區民生東路四段45號地下1樓,121.5500,25.0579,健身房,
300,松山,神拳阿凱 WORKOUTSPORTS,私立,窩糕運動事業有限公司,(02)27491991,,,臺北市松山區南京東路五段84號2樓,121.5613,25.0512,健身房,
301,松山,健身工廠健康場廠,私立,柏文健康事業股份有限公司台北健康分公司,(02)27627666,,,臺北市松山區健康路156號地下1樓,121.5573,25.0535,健身房,
302,松山,專注訓練運動空間,私立,祿翊健康事業有限公司,(02)27666671,,,臺北市松山區南京東路五段208號2樓,121.5649,25.0511,健身房,
303,松山,給力健身房,私立,給力健身有限公司,,,0910951461,臺北市松山區民生東路三段128號地下1樓,121.5459,25.0575,健身房,
304,松山,擊客基地 GeekBase,私立,擊客基地有限公司,(02)25472523,,,臺北市松山區復興北路369號地下1樓,121.5447,25.0624,健身房,
305,松山,KAT Know&Apply Training ,私立,博雅體能事業有限公司,(02)27656586,,,臺北市信義區永吉路302號地下一樓、地下一樓之1 ,121.5748,25.0453,健身房,
306,松山,Selfroom Workoutplace,私立,大立仕股份有限公司,(02)25281698,,,臺北市松山區民生東路四段129號1樓,121.5539,25.0583,健身房,
307,信義,Curves 北醫世貿店,私立,光鹽國際健康實業有限公司  ,(02)23459995,,,臺北市信義區莊敬路325巷60號3樓,121.5649,25.0290,健身房,
308,信義,Curves 市府永春店,私立,孚榮哥有限公司,(02)27566078,,,臺北市信義區忠孝東路五段259號3樓,121.5707,25.0411,健身房,
309,信義,F45 Training Xinyi,私立,新榮恩資產管理有限公司,,,0970121900,臺北市信義區信義路四段413號2樓,121.5590,25.0333,健身房,
310,信義,Functional Patterns 台灣台北信義店,私立,加減健康管理顧問有限公司台北信義分公司,(02)27470808,,,臺北市信義區基隆路一段135號1樓,121.5664,25.0440,健身房,
311,信義,GYMEFIT Ninja,私立,藍陽國際有限公司,(02)87878277,,,臺北市信義區基隆路一段25號1樓,121.5690,25.0483,健身房,
312,信義,Hypercore Fitness 超核心健身中心 台北忠孝市府館,私立,達新壯股份有限公司,(02)77464096,,,臺北市信義區基隆路一段200號地下2樓,121.5635,25.0401,健身房,
313,信義,KAT Fitness,私立,博俊體能事業有限公司,(02)27656586,,,臺北市信義區永吉路302號地下1樓,121.5748,25.0453,健身房,
314,信義,More fit 市府店,私立,摩爾菲特健康事業股份有限公司市府分公司,(02)27608881,,,臺北市信義區基隆路一段139號地下1層,121.5658,25.0430,健身房,
315,信義,RG Studio 越練越好體能學院,私立,越練越好運動事業有限公司,(02)27326387,,,臺北市信義區基隆路二段51號地下1樓,121.5585,25.0309,健身房,
316,信義,森運動工作室,私立,森運動有限公司,(02)27360557,,,臺北市信義區基隆路二段23號地下1樓,121.5590,25.0317,健身房,
317,信義,Switch on 妳的運動空間,私立,驅動創意股份有限公司,,,0933201394,臺北市信義區忠孝東路五段625號1樓,121.5792,25.0417,健身房,
318,信義,World Gym 健身俱樂部101店,私立,京庚健康世界股份有限公司101分公司,(02)81018018,,,臺北市信義區市府路45號6樓之2,121.5638,25.0340,健身房,
319,信義,World Gym 健身俱樂部松仁店,私立,香港商世界健身事業有限公司松仁分公司 ,(02)27299990,,,臺北市信義區松仁路277號,121.5698,25.0243,健身房,
320,信義,World Gym 健身俱樂部松隆店,私立,香港商世界健身事業有限公司松隆分公司,(02)27618822,,,臺北市信義區松隆路125號2樓,121.5718,25.0470,健身房,
321,信義,X-Revolution Fitness 極進化,私立,極進化運動事業有限公司,(02)27492565,,,臺北市信義區忠孝東路五段469號2樓,121.5772,25.0410,健身房,
322,信義,Ynot Fitness 何不相信健身房,私立,何不國際有限公司,(02)27586777,,,臺北市信義區信義路五段8巷15號14樓,121.5605,25.0323,健身房,
323,信義,平衡運動教室,私立,心平衡運動工作室,(02)27495287,,,臺北市信義區忠孝東路五段201號2樓,121.5696,25.0412,健身房,
324,信義,永春活力館,體育局,全越運動事業股份有限公司永春活力館,(02)27565819,,,臺北市信義區松山路342巷13號地下1樓,121.5771,25.0414,健身房,
325,信義,信義運動中心,體育局,全越運動事業股份有限公司信義運動中心,(02)87861911,114,,臺北市信義區松勤街100號,121.5667,25.0316,健身房,
326,信義,核心肌地,私立,國揚健康事業有限公司,(02)27267376,,,臺北市信義區松德路65號地下1樓,121.5766,25.0385,健身房,
327,信義,健身工廠台北信義廠,私立,柏鑫健康事業股份有限公司,(02)87861966,148,,臺北市信義區松壽路22號4樓,121.5677,25.0355,健身房,
328,信義,健身狂潮,私立,狂潮健身事業有限公司,,,0910393415,臺北市信義區信義路四段456號地下1樓,121.5582,25.0328,健身房,
329,信義,健身星球 Star Fitness,私立,星球健身股份有限公司,27208880,,,臺北市信義區光復南路549號1樓及547號地下1樓,121.5575,25.0315,健身房,
330,信義,健身銀行,私立,在一起運動工作室,,,0908110603,臺北市信義區忠孝東路五段423巷4弄16號1樓,121.5762,25.0412,健身房,
331,信義,體育客,私立,跨越體適能有限公司,(02)87326645,,,臺北市信義區和平東路三段333號地下1樓,121.5564,25.0210,健身房,
332,信義,體育客運動教室,私立,熱河體適能有限公司,(02)87326645,,,臺北市信義區富陽街90號1樓,121.5564,25.0211,健身房,
333,南港,Big Boss Sports Center 大老闆運動中心,私立,武展有限公司,(02)26548500,,,臺北市南港區舊莊街一段196號2樓,121.6220,25.0387,健身房,
334,南港,Forge 打鐵健身南港店,私立,打鐵健身股份有限公司台北南港分公司,(02)26510586,,,臺北市南港區興華路77號地下1樓,121.6061,25.0552,健身房,
335,南港,Hongtai Cross Fit,私立,風暴體適能股份有限公司,(02)27830321,,,臺北市南港區市民大道八段360號2樓,121.6083,25.0532,健身房,
336,南港,Jessica’s Fitness,私立,耶和華以樂有限公司,,,0988770718,臺北市南港區中南街140之5號1樓,121.6151,25.0519,健身房,
337,南港,TrueFitness 全真概念南港健身館,私立,全真概念健康事業股份有限公司南港分公司,(02)77028999,,,臺北市南港區經貿二路188號4樓,121.6149,25.0594,健身房,
338,南港,山豬窟游泳池附設健身房,環保局,樂霏翔有限公司,(02)26547412,,,臺北市南港區舊莊街一段290巷32號,121.6248,25.0340,健身房,
339,南港,中央研究院綜合體育館,中研院,中央研究院,(02)27852717,7328,,臺北市南港區研究院路二段128號,121.6166,25.0419,健身房,
340,南港,好享健身 Massive Fitness ,私立,好享健身有限公司 ,,,0976475366,臺北市南港區經貿二路235巷60弄2號1樓,121.6154,25.0621,健身房,
341,南港,成德國中運動中心,教育局,舞動陽光股份有限公司南港營業所,(02)27825000,,,臺北市南港區東新街108巷23號,121.5877,25.0450,健身房,
342,南港,前勁體能訓練中心,私立,維康生活股份有限公司,(02)27859791,,,臺北市南港區忠孝東路五段970號地下1樓,121.5822,25.0443,健身房,
343,南港,南港運動中心,體育局,中國青年救國團臺北市南港運動中心,(02)26532279,,,臺北市南港區玉成街69號,121.5816,25.0489,健身房,
344,南港,楓肌力 MP Health Fitness,私立,梧桐林工作室,(02)26277791,,,臺北市南港區富康街21號1樓,121.6173,25.0538,健身房,
345,南港,幾點練健身工坊,私立,幾點練健身工坊,,,0910955223,臺北市南港區忠孝東路六段5號1樓,121.5827,25.0457,健身房,
346,南港,WE Sport 健身房,私立,和怡商務旅館股份有限公司,(02)26539847,,,臺北市南港區重陽路122號B1,121.5999,25.0568,健身房,
347,萬華,Curves 西門漢中店,私立,佑英有限公司,(02)23612327,,,臺北市萬華區漢中街157號2樓,121.5071,25.0415,健身房,
348,萬華,Curves 青年公園店,私立,曲律國際有限公司,(02)23379090,,,臺北市萬華區青年路30巷2之3號1樓,121.5044,25.0261,健身房,
349,萬華,Liberate Training,私立,釋放體能工作室 ,,,0966591003,臺北市萬華區昆明街79號2樓之2,121.5048,25.0428,健身房,
350,萬華,World Gym 健身俱樂部西門店,私立,香港商世界健身事業有限公司西門分公司,(02)23889999,,,臺北市萬華區西寧南路36號地下1樓,121.5066,25.0456,健身房,
351,萬華,青年公園游泳池附設健身房,體育局,運博國際股份有限公司青年公園營業所,(02)23053800,,,臺北市萬華區水源路199號,21.5069,25.0220,健身房,
352,萬華,萬華運動中心 ,體育局,匯陽百貨事業股份有限公司萬華運動中心分公司,(02)23759900,,,臺北市萬華區西寧南路6之1號,121.5071,25.0475,健身房,
353,萬華,運動學 Fitology 西門,私立,全球動記健康有限公司,(02)23319777,,,臺北市萬華區漢口街二段73號地下1樓,121.5052,25.0461,健身房,
354,萬華,鳳凰體能訓練俱樂部,私立,泰迪保持傑有限公司,,,0933888664,臺北市萬華區柳州街31號1樓,121.5054,25.0386,健身房,
355,大安,DEN YOGA,私立,丹恩生活股份有限公司,,,0952226463,臺北市大安區忠孝東路四段48號8樓,121.5448,25.0414,瑜珈教室,
356,大安,上上瑜珈 YogaUp 忠孝館,私立,上上瑜珈工作室,(02)25630833,,,臺北市大安區忠孝東路三段136號7樓,121.5377,25.0415,瑜珈教室,
357,中山,Sujit-Sauryayoga 索莉雅太陽瑜珈,私立,索莉雅太陽瑜珈有限公司,(02)25215627,,,臺北市中山區松江路192號6樓,121.5328,25.0570,瑜珈教室,
358,信義,Bhasantii 寶萱瑜珈,私立,天寶企業,,,0955929793,臺北市信義區信義路四段391號6樓之1,121.5584,25.0332,瑜珈教室,
359,松山,揪in瑜伽教室 JOIN YOGA CAFÉ,私立,揪印瑜珈工作室,,,0902067186,臺北市松山區南京東路四段197號11樓,121.5569,25.0517,瑜珈教室,
360,松山,小島好日 Islanday Studio,私立,千島生活文化有限公司,,,0970862180,臺北市松山區吉祥路43號地下一樓,121.5625,25.0501,瑜珈教室,
361,內湖,好時光女生運動樂園西湖樂園,私立,好時光參參壹運動有限公司,(02)26275361,,,臺北市內湖區內湖路一段319號2樓,121.5678,25.0823,瑜珈教室,
362,北投,小島瑜伽,私立,嶼然共享空間有限公司,,,0919547060,臺北市北投區西安街一段327號2樓,121.5159,25.1132,瑜珈教室,
363,士林,艾珈堤 Yoga士林館,私立,艾珈林有限公司,(02)28891966,,,臺北市士林區中正路287號3樓,121.5240,25.0947,瑜珈教室,
364,文山,景美游泳池(運動教室),體育局,中國青年救國團臺北市景美游泳池,(02)29353602,,,臺北市文山區羅斯福路五段176巷50號1樓,121.5365,25.0039,瑜珈教室,
365,大安,統帥撞球俱樂部,私立,統帥遊樂場,(02)27113809,,,臺北市大安區忠孝東路四段197號9樓之8,121.5515,25.0417,撞球場及攀岩場,
366,中山,9 STAR 撞球休閒館,私立,九樂商行,(02)25111088,,,臺北市中山區民生東路一段29號3樓之2,121.5250,25.0583,撞球場及攀岩場,
367,中正,Hello Taipei Sports Space,私立,哈囉休閒撞球館,(02)23921758,,,臺北市中正區信義路2段101號地下1樓,121.5276,25.0342,撞球場及攀岩場,
368,文山,亞運撞球運動館,私立,全球撞球館,(02)29345895,,,臺北市文山區羅斯福路五段88號地下1樓,121.5381,25.0076,撞球場及攀岩場,
369,北投,運動家撞球館,私立,米家撞球用品社,(02)28276872,,,臺北市北投區尊賢街226號地下一樓,121.5077,25.1160,撞球場及攀岩場,
370,松山,9PM 撞球飛鏢概念館,私立,九球大師撞球概念館,(02)25795600,,,臺北市松山區八德路三段83號地下1樓,121.5532,25.0483,撞球場及攀岩場,
371,信義,有誼撞球運動館,私立,有誼撞球運動館,(02)87852797,,,臺北市信義區忠孝東路五段669號地下1樓,121.5796,25.0420,撞球場及攀岩場,
372,萬華,原岩攀岩館萬華店               ,私立,原岩運動顧問有限公司,(02)23088250,,,臺北市萬華區大理街149號1樓,121.4968,25.0342,撞球場及攀岩場,
373,南港,市民抱石攀岩館                     ,私立,拔山企業股份有限公司,(02)27880615,,,臺北市南港區市民大道八段552號2樓,121.6138,25.0539,撞球場及攀岩場,
374,中正,臺北市青少年發展處Y17攀岩館          ,公辦民營,思福緹股份有限公司台北辦事處,(02)23515215,,,臺北市中正區仁愛路一段17號9樓,121.5222,25.0390,撞球場及攀岩場,
375,大同,double8 岩究所                  ,私立,思福緹股份有限公司,(02)25508081,,,臺北市大同區迪化街一段251號2樓,121.5093,25.0607,撞球場及攀岩場,
376,中山,角‧攀岩館                   ,私立,忠明運動顧問股份有限公司,(02)25633749,,,臺北市中山區新生北路一段86號1樓,121.5297,25.0476,撞球場及攀岩場,
377,士林,紅石攀岩館 RedRock                     ,私立,紅石攀岩有限公司,(02)28837591,,,臺北市士林區承德路四段261號地下1樓 ,121.5180,25.0896,撞球場及攀岩場,
378,士林,The Little Rock 小岩館天母店                          ,私立,樂石科技有限公司,(02)28347217,,,臺北市士林區忠誠路二段12號1樓  ,121.5275,25.1089,撞球場及攀岩場,
379,信義,臺北醫學大學,私立,臺北醫學大學,(02)2236~1661,2273,,臺北市信義區吳興街250號,121.5598,25.0260,室內游泳池,
380,信義,信義運動中心,體育局,全越運動事業股份有限公司信義運動中心,(02)87861911,114,,臺北市信義區松勤街100號,121.5667,25.0316,室內游泳池,
381,信義,台北市中華基督教青年會永吉會館,私立,財團法人台北市中華基督教青年會,(02)27631261,,,臺北市信義區永吉路500號,121.5772,25.0451,室內游泳池,
382,松山,世界健身中心民生店,私立,京庚健康世界股份有限公司民生分公司,(02)87128200,,,臺北市松山區民生東路三段156號地下1樓,121.5450,25.0573,室內游泳池,
383,松山,汐游寶寶,私立,汐游寶寶股份有限公司,(02)25778555,,,臺北市松山區南京東路四段2號地下1樓,121.5474,25.0507,室內游泳池,
384,松山,松山運動中心,體育局,匯陽百貨事業股份有限公司松山運動中心分公司,(02)77555058,,,臺北市松山區敦化北路1號,121.5478,25.0489,室內游泳池,
385,松山,三民公園游泳池,體育局,優伯行銷顧問三民公園分公司,(02)87876527,,,臺北市松山區撫遠街298號1樓,121.5638,25.0610,室內外游泳池,
386,松山,茹曦酒店游泳池,私立,優勢開發管理顧問有限公司,(02)27126381,,,臺北市松山區敦化北路100號5樓,121.5458,25.0523,室外游泳池,
387,大安,World Gym 健身俱樂部光復店,私立,香港商世界健身事業有限公司光復分公司 ,(02)87713555,,,臺北市大安區忠孝東路四段330號地下1樓,121.5549,25.0410,室內游泳池,
388,大安,大安運動中心,體育局,長佳機電工程股份有限公司大安運動中心暨和平籃球館營業所,(02)23770300,,,臺北市大安區辛亥路三段55號,121.5431,25.0206,室內游泳池,
389,大安,國立臺北教育大學泳健館,教育部（學校委外）,恆動力有限公司泳健館營業所,(02)27373378,,,臺北市大安區和平東路二段134號,121.5438,25.0223,室內游泳池,
390,大安,國立臺灣師範大學游泳館,教育部（學校自營）,國立臺灣師範大學,(02)77343181,,,臺北市大安區和平東路一段162號,121.5250,25.0256,室內游泳池,
391,大安,國立臺灣科技大學游泳池,教育部（學校自營）,國立臺灣科技大學,(02)27376503,,,臺北市大安區基隆路四段43號,121.5428,25.0138,室內游泳池,
392,大安,國立臺灣大學綜合體育館溫水游泳池,教育部（學校自營）,國立臺灣大學綜合體育館,(02)33665959,,,臺北市大安區羅斯福路四段1號,121.5360,25.0206,室內游泳池,
393,大安,國立臺灣大學總區室外游泳池,教育部（學校自營）,國立臺灣大學校總區運動場館,(02)33669514,,,臺北市大安區羅斯福路四段1號,121.5360,25.0206,室外游泳池,
394,大安,師大附中運動中心游泳池,教育部（學校委外）,舞動陽光股份有限公司師大附中營業所,(02)27086000,,,臺北市大安區信義路三段111巷143號,121.5375,25.0360,室內游泳池,
395,中山,中山運動中心,體育局,社團法人中國青年救國團臺北市中山運動中心,(02)25711060,,,臺北市中山區中山北路二段44巷2號,121.5188,25.0548,室內游泳池,
396,中山,榮星花園游泳池,體育局,全越運動事業股份有限公司榮星花園游泳池館,(02)25079366,,,臺北市中山區建國北路三段39號,121.5352,25.0640,室內游泳池,
397,中山,新生公園游泳池,體育局,優伯行銷有限公司,(02)25956489,,,臺北市中山區新生北路三段105號,121.5288,25.0686,室內游泳池,
398,中山,World Gym 健身俱樂部大直店,私立,香港商世界健身事業有限公司大直分公司,(02)85012333,,,臺北市中山區堤頂大道二段588號,121.5571,25.0843,室內游泳池,
399,大同,大同運動中心,體育局,舞動陽光股份有限公司大同分公司,(02)25920055,,,臺北市大同區大龍街51號,121.5135,25.0648,室內游泳池,
400,大同,桑富士運動俱樂部,私立,桑富士股份有限公司,(02)25527579,,,臺北市大同區平陽街29號1樓,121.5145,25.0551,室內游泳池,
401,大同,玉泉公園游泳池,體育局,星哲企業股份有限公司圓山分公司,(02)25509828,,,臺北市大同區西寧北路28號,121.5059,25.0478,室內游泳池,
402,大同,統一健身俱樂部台北京站館,私立,統一佳佳股份有限公司京站分公司,(02)25588148,,,臺北市大同區重慶北路一段1之1號1樓,121.5113,25.0495,游泳池,
403,南港,中央研究院綜合體育館游泳池,中研院自營,中央研究院,(02)27852717,7328,,臺北市南港區研究院路二段128號,121.6087,25.0409,室內游泳池,
404,士林,士林運動中心,體育局,財團法人台北市中華基督教青年會,(02)28806066,,,臺北市士林區士商路1號,121.5189,25.0894,室內游泳池,
405,士林,前港公園游泳池,體育局,運博國際股份有限公司,(02)28805598,,,臺北市士林區前港街45號,121.5187,25.0857,室內外游泳池,
406,士林,World Gym 健身俱樂部天母店,私立,香港商世界健身事業有限公司天母分公司,(02)28755050,,,臺北市士林區中山北路七段34號,121.5285,25.1199,室外游泳池,
407,萬華,台北市中華基督教青年會萬華會館,私立,財團法人台北市中華基督教青年會,(02)23610271,,,臺北市萬華區昆明街290號,121.5012,25.0382,室內游泳池,
408,萬華,萬華運動中心 ,體育局,匯陽百貨事業股份有限公司萬華運動中心分公司,(02)23759900,,,臺北市萬華區西寧南路6之1號,121.5062,25.0474,室內游泳池,
409,萬華,青年公園游泳池,體育局,運博國際股份有限公司,(02)23053800,,,臺北市萬華區水源路199號,121.5065,25.0228,室內外游泳池,
410,文山,國立政治大學游泳館,教育部（學校自營）,國立政治大學,(02)29393091,62960,,臺北市文山區指南路二段64號,121.5730,24.9869,室內游泳池,
411,文山,景美游泳池,體育局,中國青年救國團臺北市景美游泳池,(02)29353602,,,臺北市文山區羅斯福路五段176巷50號1樓,121.5337,25.0036,游泳池,
412,文山,靜心中小學,私立,桑斯伯國際有限公司文山營業站,(02)29353602,,,臺北市文山區興隆路二段46號,121.5444,24.9985,室內游泳池,
413,文山,文山運動中心,體育局,中國青年救國團臺北市文山運動中心,(02)22308268,,,臺北市文山區興隆路三段222號,121.5589,24.9970,室內游泳池,
414,文山,木柵公園游泳池,體育局,優伯行銷有限公司,(02)27265151,,,臺北市文山區興隆路四段50號木柵公園內,121.5598,24.9862,游泳池,
415,文山,國立陽明大學游泳池,教育部（學校委外）,筑燕休閒事業股份有限公司陽明營業所,(02)28206000,,,臺北市北投區立農街二段155號,121.5102,25.1223,室內游泳池,
416,文山,國立臺北護理健康大學北護水療中心,教育部（學校委外）,展昭國際企業股份有限公司國立臺北護理健康大學水療中心,(02)28281528,,,臺北市北投區明德路365號,121.5156,25.1182,室內游泳池,
417,北投,北投運動中心,體育局,建中工程股份有限公司北投分公司,(02)28202880,,,臺北市北投區石牌路一段39巷100號,121.5072,25.1165,室內游泳池,
418,北投,台北市中華基督教青年會唭哩岸會館,私立,財團法人台北市中華基督教青年會,(02)28227070,,,臺北市北投區承德路七段312號,121.5020,25.1171,室內游泳池,
419,北投,天溪綠地游泳池,體育局,運博國際股份有限公司,(02)28752289,,,臺北市北投區中山北路七段219巷3弄170號,121.5286,25.1285,室外游泳池,
420,北投,前山公園游泳池,體育局,運博國際股份有限公司,,,0937982098,臺北市北投區建國街4號,121.5459,25.1513,室外游泳池,
421,北投,七虎公園游泳池,體育局,樂霏翔有限公司,,,0918667745,臺北市北投區育仁路108號,121.4988,25.1363,室外游泳池,
422,北投,臺北藝術大學游泳館,教育部（學校委外）,城市國際文教事業股份有限公司,(02)28969898,,,臺北市北投區學園路1號,121.4700,25.1340,室內游泳池,
423,北投,春天酒店紅檜俱樂部,私立,春天酒店股份有限公司,(02)28924546,23,,臺北市北投區幽雅路18號3樓,121.5110,25.1377,室外游泳池,
424,內湖,內湖運動中心,體育局,社團法人中國青年救國團,(02)26562869,,,臺北市內湖區洲子街12號,121.5721,25.0781,室內游泳池,
425,內湖,碧湖公園游泳池,體育局,優伯行銷有限公司,(02)26595962,,,臺北市內湖區內湖路二段175號,121.5809,25.0822,室外游泳池,
426,內湖,大湖公園游泳池,體育局,星哲企業股份有限公司大湖分公司,(02)87911698,,,臺北市內湖區成功路五段31號,121.6019,25.0826,室內外游泳池,
427,中正,中正運動中心,體育局,長佳機電工程股份有限公司中正營業所,(02)33225016,,,臺北市中正區信義路一段1號,121.5167,25.0385,室內游泳池,
